0x000003d4	1
0x000003da	1
0x000003da	2
0x000008ae	1
0x000008ae	2
0x000008b2	0
0x00000720	10
0x00000796	1
0x000003c0	1
0x000003c2	0
0x000003c2	1
0x000003d4	1
0x000003da	1
0x000003da	2
0x000007d8	1
0x000007da	0
0x000007da	1
0x000007da	2
0x000007da	3
0x000007da	4
0x000007da	5
0x000007da	6
0x000007da	7
0x000007da	8
0x000007dc	0
0x000007dc	1
0x000007dc	2
0x000003c0	1
0x000003c2	0
0x000003c2	1
0x000003d4	1
0x000003da	1
0x000003da	2
0x000007d8	1
0x000007da	0
0x000007da	1
0x000007da	2
0x000007da	3
0x000007da	4
0x000007da	5
0x000007da	6
0x000007da	7
0x000007da	8
0x000007dc	0
0x000007dc	1
0x000007dc	2
0x000003c0	1
0x000003c2	0
0x000003c2	1
0x000003d4	1
0x000003da	1
0x000003da	2
0x000007d8	1
0x000007da	0
0x000007da	1
0x000007da	2
0x000007da	3
0x000007da	4
0x000007da	5
0x000007da	6
0x000007da	7
0x000007da	8
0x000007dc	0
0x000007dc	1
0x000007dc	2
0x000003c0	1
0x000003c2	0
0x000003c2	1
0x000003d4	1
0x000003da	1
0x000003da	2
0x000007d8	1
0x000007da	0
0x000007da	1
0x000007da	2
0x000007da	3
0x000007da	4
0x000007da	5
0x000007da	6
0x000007da	7
0x000007da	8
0x000007dc	0
0x000007dc	1
0x000007dc	2
0x000003c0	1
0x000003c2	0
0x000003c2	1
0x000003d4	1
0x000003da	1
0x000003da	2
0x000007d8	1
0x000007da	0
0x000007da	1
0x000007da	2
0x000007da	3
0x000007da	4
0x000007da	5
0x000007da	6
0x000007da	7
0x000007da	8
0x000007dc	0
0x000007dc	1
0x000007dc	2
0x000003c0	1
0x000003c2	0
0x000003c2	1
0x000003d4	1
0x000003da	1
0x000003da	2
0x000007d8	1
0x000007da	0
0x000007da	1
0x000007da	2
0x000007da	3
0x000007da	4
0x000007da	5
0x000007da	6
0x000007da	7
0x000007da	8
0x000007dc	0
0x000007dc	1
0x000007dc	2
0x000003c0	1
0x000003c2	0
0x000003c2	1
0x000003d4	1
0x000003da	1
0x000003da	2
0x000007d8	1
0x000007da	0
0x000007da	1
0x000007da	2
0x000007da	3
0x000007da	4
0x000007da	5
0x000007da	6
0x000007da	7
0x000007da	8
0x000007dc	0
0x000007dc	1
0x000007dc	2
0x000003c0	1
0x000003c2	0
0x000003c2	1
0x000003d4	1
0x000003da	1
0x000003da	2
0x000007d8	1
0x000007da	0
0x000007da	1
0x000007da	2
0x000007da	3
0x000007da	4
0x000007da	5
0x000007da	6
0x000007da	7
0x000007da	8
0x000007dc	0
0x000007dc	1
0x000007dc	2
0x000003c0	1
0x000003c2	0
0x000003c2	1
0x000003d4	1
0x000003da	1
0x000003da	2
0x000007d8	1
0x000007da	0
0x000007da	1
0x000007da	2
0x000007da	3
0x000007da	4
0x000007da	5
0x000007da	6
0x000007da	7
0x000007da	8
0x000007dc	0
0x000007dc	1
0x000007dc	2
0x000003c0	1
0x000003c2	0
0x000003c2	1
0x000003d4	1
0x000003da	1
0x000003da	2
0x000007d8	1
0x000007da	0
0x000007da	1
0x000007da	2
0x000007da	3
0x000007da	4
0x000007da	5
0x000007da	6
0x000007da	7
0x000007da	8
0x000007dc	0
0x000007dc	1
0x000007dc	2
0x000003c0	1
0x000003c2	0
0x000003c2	1
0x000003d4	1
0x000003da	1
0x000003da	2
0x000007d8	1
0x000007da	0
0x000007da	1
0x000007da	2
0x000007da	3
0x000007da	4
0x000007da	5
0x000007da	6
0x000007da	7
0x000007da	8
0x000007dc	0
0x000007dc	1
0x000007dc	2
0x000003c0	1
0x000003c2	0
0x000003c2	1
0x000003d4	1
0x000003da	1
0x000003da	2
0x000007d8	1
0x000007da	0
0x000007da	1
0x000007da	2
0x000007da	3
0x000007da	4
0x000007da	5
0x000007da	6
0x000007da	7
0x000007da	8
0x000007dc	0
0x000007dc	1
0x000007dc	2
0x000003c0	1
0x000003c2	0
0x000003c2	1
0x000003d4	1
0x000003da	1
0x000003da	2
0x000007d8	1
0x000007da	0
0x000007da	1
0x000007da	2
0x000007da	3
0x000007da	4
0x000007da	5
0x000007da	6
0x000007da	7
0x000007da	8
0x000007dc	0
0x000007dc	1
0x000007dc	2
0x000003c0	1
0x000003c2	0
0x000003c2	1
0x000003d4	1
0x000003da	1
0x000003da	2
0x000007d8	1
0x000007da	0
0x000007da	1
0x000007da	2
0x000007da	3
0x000007da	4
0x000007da	5
0x000007da	6
0x000007da	7
0x000007da	8
0x000007dc	0
0x000007dc	1
0x000007dc	2
0x000003c0	1
0x000003c2	0
0x000003c2	1
0x000003d4	1
0x000003da	1
0x000003da	2
0x000007d8	1
0x000007da	0
0x000007da	1
0x000007da	2
0x000007da	3
0x000007da	4
0x000007da	5
0x000007da	6
0x000007da	7
0x000007da	8
0x000007dc	0
0x000007dc	1
0x000007dc	2
0x000003c0	1
0x000003c2	0
0x000003c2	1
0x000003d4	1
0x000003da	1
0x000003da	2
0x000007d8	1
0x000007da	0
0x000007da	1
0x000007da	2
0x000007da	3
0x000007da	4
0x000007da	5
0x000007da	6
0x000007da	7
0x000007da	8
0x000007dc	0
0x000007dc	1
0x000007dc	2
0x000003c0	1
0x000003c2	0
0x000003c2	1
0x000003d4	1
0x000003da	1
0x000003da	2
0x000007d8	1
0x000007da	0
0x000007da	1
0x000007da	2
0x000007da	3
0x000007da	4
0x000007da	5
0x000007da	6
0x000007da	7
0x000007da	8
0x000007dc	0
0x000007dc	1
0x000007dc	2
0x000003c0	1
0x000003c2	0
0x000003c2	1
0x000003d4	1
0x000003da	1
0x000003da	2
0x000007d8	1
0x000007da	0
0x000007da	1
0x000007da	2
0x000007da	3
0x000007da	4
0x000007da	5
0x000007da	6
0x000007da	7
0x000007da	8
0x000007dc	0
0x000007dc	1
0x000007dc	2
0x000003c0	1
0x000003c2	0
0x000003c2	1
0x000003d4	1
0x000003da	1
0x000003da	2
0x000007d8	1
0x000007da	0
0x000007da	1
0x000007da	2
0x000007da	3
0x000007da	4
0x000007da	5
0x000007da	6
0x000007da	7
0x000007da	8
0x000007dc	0
0x000007dc	1
0x000007dc	2
0x000003c0	1
0x000003c2	0
0x000003c2	1
0x000003d4	1
0x000003da	1
0x000003da	2
0x000007d8	1
0x000007da	0
0x000007da	1
0x000007da	2
0x000007da	3
0x000007da	4
0x000007da	5
0x000007da	6
0x000007da	7
0x000007da	8
0x000007dc	0
0x000007dc	1
0x000007dc	2
0x000003c0	1
0x000003c2	0
0x000003c2	1
0x000003d4	1
0x000003da	1
0x000003da	2
0x000007d8	1
0x000007da	0
0x000007da	1
0x000007da	2
0x000007da	3
0x000007da	4
0x000007da	5
0x000007da	6
0x000007da	7
0x000007da	8
0x000007dc	0
0x000007dc	1
0x000007dc	2
0x000003c0	1
0x000003c2	0
0x000003c2	1
0x000003d4	1
0x000003da	1
0x000003da	2
0x000007d8	1
0x000007da	0
0x000007da	1
0x000007da	2
0x000007da	3
0x000007da	4
0x000007da	5
0x000007da	6
0x000007da	7
0x000007da	8
0x000007dc	0
0x000007dc	1
0x000007dc	2
0x000003c0	1
0x000003c2	0
0x000003c2	1
0x000003d4	1
0x000003da	1
0x000003da	2
0x000007d8	1
0x000007da	0
0x000007da	1
0x000007da	2
0x000007da	3
0x000007da	4
0x000007da	5
0x000007da	6
0x000007da	7
0x000007da	8
0x000007dc	0
0x000007dc	1
0x000007dc	2
0x000003c0	1
0x000003c2	0
0x000003c2	1
0x000003d4	1
0x000003da	1
0x000003da	2
0x000007d8	1
0x000007da	0
0x000007da	1
0x000007da	2
0x000007da	3
0x000007da	4
0x000007da	5
0x000007da	6
0x000007da	7
0x000007da	8
0x000007dc	0
0x000007dc	1
0x000007dc	2
0x000003c0	1
0x000003c2	0
0x000003c2	1
0x000003d4	1
0x000003da	1
0x000003da	2
0x000007d8	1
0x000007da	0
0x000007da	1
0x000007da	2
0x000007da	3
0x000007da	4
0x000007da	5
0x000007da	6
0x000007da	7
0x000007da	8
0x000007dc	0
0x000007dc	1
0x000007dc	2
0x000003c0	1
0x000003c2	0
0x000003c2	1
0x000003d4	1
0x000003da	1
0x000003da	2
0x000007d8	1
0x000007da	0
0x000007da	1
0x000007da	2
0x000007da	3
0x000007da	4
0x000007da	5
0x000007da	6
0x000007da	7
0x000007da	8
0x000007dc	0
0x000007dc	1
0x000007dc	2
0x000003c0	1
0x000003c2	0
0x000003c2	1
0x000003d4	1
0x000003da	1
0x000003da	2
0x000007d8	1
0x000007da	0
0x000007da	1
0x000007da	2
0x000007da	3
0x000007da	4
0x000007da	5
0x000007da	6
0x000007da	7
0x000007da	8
0x000007dc	0
0x000007dc	1
0x000007dc	2
0x000003c0	1
0x000003c2	0
0x000003c2	1
0x000003d4	1
0x000003da	1
0x000003da	2
0x000007d8	1
0x000007da	0
0x000007da	1
0x000007da	2
0x000007da	3
0x000007da	4
0x000007da	5
0x000007da	6
0x000007da	7
0x000007da	8
0x000007dc	0
0x000007dc	1
0x000007dc	2
0x000003c0	1
0x000003c2	0
0x000003c2	1
0x000003d4	1
0x000003da	1
0x000003da	2
0x000007d8	1
0x000007da	0
0x000007da	1
0x000007da	2
0x000007da	3
0x000007da	4
0x000007da	5
0x000007da	6
0x000007da	7
0x000007da	8
0x000007dc	0
0x000007dc	1
0x000007dc	2
0x000003c0	1
0x000003c2	0
0x000003c2	1
0x000003d4	1
0x000003da	1
0x000003da	2
0x000007d8	1
0x000007da	0
0x000007da	1
0x000007da	2
0x000007da	3
0x000007da	4
0x000007da	5
0x000007da	6
0x000007da	7
0x000007da	8
0x000007dc	0
0x000007dc	1
0x000007dc	2
0x000003c0	1
0x000003c2	0
0x000003c2	1
0x000003d4	1
0x000003da	1
0x000003da	2
0x000007d8	1
0x000007da	0
0x000007da	1
0x000007da	2
0x000007da	3
0x000007da	4
0x000007da	5
0x000007da	6
0x000007da	7
0x000007da	8
0x000007dc	0
0x000007dc	1
0x000007dc	2
0x000003c0	1
0x000003c2	0
0x000003c2	1
0x000003d4	1
0x000003da	1
0x000003da	2
0x000007d8	1
0x000007da	0
0x000007da	1
0x000007da	2
0x000007da	3
0x000007da	4
0x000007da	5
0x000007da	6
0x000007da	7
0x000007da	8
0x000007dc	0
0x000007dc	1
0x000007dc	2
0x000003c0	1
0x000003c2	0
0x000003c2	1
0x000003d4	1
0x000003da	1
0x000003da	2
0x000007d8	1
0x000007da	0
0x000007da	1
0x000007da	2
0x000007da	3
0x000007da	4
0x000007da	5
0x000007da	6
0x000007da	7
0x000007da	8
0x000007dc	0
0x000007dc	1
0x000007dc	2
0x000003c0	1
0x000003c2	0
0x000003c2	1
0x000003d4	1
0x000003da	1
0x000003da	2
0x000007d8	1
0x000007da	0
0x000007da	1
0x000007da	2
0x000007da	3
0x000007da	4
0x000007da	5
0x000007da	6
0x000007da	7
0x000007da	8
0x000007dc	0
0x000007dc	1
0x000007dc	2
0x000003c0	1
0x000003c2	0
0x000003c2	1
0x000003d4	1
0x000003da	1
0x000003da	2
0x000007d8	1
0x000007da	0
0x000007da	1
0x000007da	2
0x000007da	3
0x000007da	4
0x000007da	5
0x000007da	6
0x000007da	7
0x000007da	8
0x000007dc	0
0x000007dc	1
0x000007dc	2
0x000003c0	1
0x000003c2	0
0x000003c2	1
0x000003d4	1
0x000003da	1
0x000003da	2
0x000007d8	1
0x000007da	0
0x000007da	1
0x000007da	2
0x000007da	3
0x000007da	4
0x000007da	5
0x000007da	6
0x000007da	7
0x000007da	8
0x000007dc	0
0x000007dc	1
0x000007dc	2
0x000003c0	1
0x000003c2	0
0x000003c2	1
0x000003d4	1
0x000003da	1
0x000003da	2
0x000007d8	1
0x000007da	0
0x000007da	1
0x000007da	2
0x000007da	3
0x000007da	4
0x000007da	5
0x000007da	6
0x000007da	7
0x000007da	8
0x000007dc	0
0x000007dc	1
0x000007dc	2
0x000003c0	1
0x000003c2	0
0x000003c2	1
0x000003d4	1
0x000003da	1
0x000003da	2
0x000007d8	1
0x000007da	0
0x000007da	1
0x000007da	2
0x000007da	3
0x000007da	4
0x000007da	5
0x000007da	6
0x000007da	7
0x000007da	8
0x000007dc	0
0x000007dc	1
0x000007dc	2
0x000003c0	1
0x000003c2	0
0x000003c2	1
0x000003d4	1
0x000003da	1
0x000003da	2
0x000007d8	1
0x000007da	0
0x000007da	1
0x000007da	2
0x000007da	3
0x000007da	4
0x000007da	5
0x000007da	6
0x000007da	7
0x000007da	8
0x000007dc	0
0x000007dc	1
0x000007dc	2
0x000003c0	1
0x000003c2	0
0x000003c2	1
0x000003d4	1
0x000003da	1
0x000003da	2
0x000007d8	1
0x000007da	0
0x000007da	1
0x000007da	2
0x000007da	3
0x000007da	4
0x000007da	5
0x000007da	6
0x000007da	7
0x000007da	8
0x000007dc	0
0x000007dc	1
0x000007dc	2
0x000003c0	1
0x000003c2	0
0x000003c2	1
0x000003d4	1
0x000003da	1
0x000003da	2
0x000007d8	1
0x000007da	0
0x000007da	1
0x000007da	2
0x000007da	3
0x000007da	4
0x000007da	5
0x000007da	6
0x000007da	7
0x000007da	8
0x000007dc	0
0x000007dc	1
0x000007dc	2
0x000003c0	1
0x000003c2	0
0x000003c2	1
0x000003d4	1
0x000003da	1
0x000003da	2
0x000007d8	1
0x000007da	0
0x000007da	1
0x000007da	2
0x000007da	3
0x000007da	4
0x000007da	5
0x000007da	6
0x000007da	7
0x000007da	8
0x000007dc	0
0x000007dc	1
0x000007dc	2
0x000003c0	1
0x000003c2	0
0x000003c2	1
0x000003d4	1
0x000003da	1
0x000003da	2
0x000007d8	1
0x000007da	0
0x000007da	1
0x000007da	2
0x000007da	3
0x000007da	4
0x000007da	5
0x000007da	6
0x000007da	7
0x000007da	8
0x000007dc	0
0x000007dc	1
0x000007dc	2
0x000003c0	1
0x000003c2	0
0x000003c2	1
0x000003d4	1
0x000003da	1
0x000003da	2
0x000007d8	1
0x000007da	0
0x000007da	1
0x000007da	2
0x000007da	3
0x000007da	4
0x000007da	5
0x000007da	6
0x000007da	7
0x000007da	8
0x000007dc	0
0x000007dc	1
0x000007dc	2
0x000003c0	1
0x000003c2	0
0x000003c2	1
0x000003d4	1
0x000003da	1
0x000003da	2
0x000007d8	1
0x000007da	0
0x000007da	1
0x000007da	2
0x000007da	3
0x000007da	4
0x000007da	5
0x000007da	6
0x000007da	7
0x000007da	8
0x000007dc	0
0x000007dc	1
0x000007dc	2
0x000003c0	1
0x000003c2	0
0x000003c2	1
0x000003d4	1
0x000003da	1
0x000003da	2
0x000007d8	1
0x000007da	0
0x000007da	1
0x000007da	2
0x000007da	3
0x000007da	4
0x000007da	5
0x000007da	6
0x000007da	7
0x000007da	8
0x000007dc	0
0x000007dc	1
0x000007dc	2
0x000003c0	1
0x000003c2	0
0x000003c2	1
0x000003d4	1
0x000003da	1
0x000003da	2
0x000007d8	1
0x000007da	0
0x000007da	1
0x000007da	2
0x000007da	3
0x000007da	4
0x000007da	5
0x000007da	6
0x000007da	7
0x000007da	8
0x000007dc	0
0x000007dc	1
0x000007dc	2
0x000003c0	1
0x000003c2	0
0x000003c2	1
0x000003d4	1
0x000003da	1
0x000003da	2
0x000007d8	1
0x000007da	0
0x000007da	1
0x000007da	2
0x000007da	3
0x000007da	4
0x000007da	5
0x000007da	6
0x000007da	7
0x000007da	8
0x000007dc	0
0x000007dc	1
0x000007dc	2
0x000003c0	1
0x000003c2	0
0x000003c2	1
0x000003d4	1
0x000003da	1
0x000003da	2
0x000007d8	1
0x000007da	0
0x000007da	1
0x000007da	2
0x000007da	3
0x000007da	4
0x000007da	5
0x000007da	6
0x000007da	7
0x000007da	8
0x000007dc	0
0x000007dc	1
0x000007dc	2
0x000003c0	1
0x000003c2	0
0x000003c2	1
0x000003d4	1
0x000003da	1
0x000003da	2
0x000007d8	1
0x000007da	0
0x000007da	1
0x000007da	2
0x000007da	3
0x000007da	4
0x000007da	5
0x000007da	6
0x000007da	7
0x000007da	8
0x000007dc	0
0x000007dc	1
0x000007dc	2
0x000003c0	1
0x000003c2	0
0x000003c2	1
0x000003d4	1
0x000003da	1
0x000003da	2
0x000007d8	1
0x000007da	0
0x000007da	1
0x000007da	2
0x000007da	3
0x000007da	4
0x000007da	5
0x000007da	6
0x000007da	7
0x000007da	8
0x000007dc	0
0x000007dc	1
0x000007dc	2
0x000003c0	1
0x000003c2	0
0x000003c2	1
0x000003d4	1
0x000003da	1
0x000003da	2
0x000007d8	1
0x000007da	0
0x000007da	1
0x000007da	2
0x000007da	3
0x000007da	4
0x000007da	5
0x000007da	6
0x000007da	7
0x000007da	8
0x000007dc	0
0x000007dc	1
0x000007dc	2
0x000003c0	1
0x000003c2	0
0x000003c2	1
0x000003d4	1
0x000003da	1
0x000003da	2
0x000007d8	1
0x000007da	0
0x000007da	1
0x000007da	2
0x000007da	3
0x000007da	4
0x000007da	5
0x000007da	6
0x000007da	7
0x000007da	8
0x000007dc	0
0x000007dc	1
0x000007dc	2
0x000003c0	1
0x000003c2	0
0x000003c2	1
0x000003d4	1
0x000003da	1
0x000003da	2
0x000007d8	1
0x000007da	0
0x000007da	1
0x000007da	2
0x000007da	3
0x000007da	4
0x000007da	5
0x000007da	6
0x000007da	7
0x000007da	8
0x000007dc	0
0x000007dc	1
0x000007dc	2
0x000003c0	1
0x000003c2	0
0x000003c2	1
0x000003d4	1
0x000003da	1
0x000003da	2
0x000007d8	1
0x000007da	0
0x000007da	1
0x000007da	2
0x000007da	3
0x000007da	4
0x000007da	5
0x000007da	6
0x000007da	7
0x000007da	8
0x000007dc	0
0x000007dc	1
0x000007dc	2
0x000003c0	1
0x000003c2	0
0x000003c2	1
0x000003d4	1
0x000003da	1
0x000003da	2
0x000007d8	1
0x000007da	0
0x000007da	1
0x000007da	2
0x000007da	3
0x000007da	4
0x000007da	5
0x000007da	6
0x000007da	7
0x000007da	8
0x000007dc	0
0x000007dc	1
0x000007dc	2
0x000003c0	1
0x000003c2	0
0x000003c2	1
0x000003d4	1
0x000003da	1
0x000003da	2
0x000007d8	1
0x000007da	0
0x000007da	1
0x000007da	2
0x000007da	3
0x000007da	4
0x000007da	5
0x000007da	6
0x000007da	7
0x000007da	8
0x000007dc	0
0x000007dc	1
0x000007dc	2
0x000003c0	1
0x000003c2	0
0x000003c2	1
0x000003d4	1
0x000003da	1
0x000003da	2
0x000007d8	1
0x000007da	0
0x000007da	1
0x000007da	2
0x000007da	3
0x000007da	4
0x000007da	5
0x000007da	6
0x000007da	7
0x000007da	8
0x000007dc	0
0x000007dc	1
0x000007dc	2
0x000003c0	1
0x000003c2	0
0x000003c2	1
0x000003d4	1
0x000003da	1
0x000003da	2
0x000007d8	1
0x000007da	0
0x000007da	1
0x000007da	2
0x000007da	3
0x000007da	4
0x000007da	5
0x000007da	6
0x000007da	7
0x000007da	8
0x000007dc	0
0x000007dc	1
0x000007dc	2
0x000003c0	1
0x000003c2	0
0x000003c2	1
0x000003d4	1
0x000003da	1
0x000003da	2
0x000007d8	1
0x000007da	0
0x000007da	1
0x000007da	2
0x000007da	3
0x000007da	4
0x000007da	5
0x000007da	6
0x000007da	7
0x000007da	8
0x000007dc	0
0x000007dc	1
0x000007dc	2
0x000003c0	1
0x000003c2	0
0x000003c2	1
0x000003d4	1
0x000003da	1
0x000003da	2
0x000007d8	1
0x000007da	0
0x000007da	1
0x000007da	2
0x000007da	3
0x000007da	4
0x000007da	5
0x000007da	6
0x000007da	7
0x000007da	8
0x000007dc	0
0x000007dc	1
0x000007dc	2
0x000003c0	1
0x000003c2	0
0x000003c2	1
0x000003d4	1
0x000003da	1
0x000003da	2
0x000007d8	1
0x000007da	0
0x000007da	1
0x000007da	2
0x000007da	3
0x000007da	4
0x000007da	5
0x000007da	6
0x000007da	7
0x000007da	8
0x000007dc	0
0x000007dc	1
0x000007dc	2
0x000003c0	1
0x000003c2	0
0x000003c2	1
0x000003d4	1
0x000003da	1
0x000003da	2
0x000007d8	1
0x000007da	0
0x000007da	1
0x000007da	2
0x000007da	3
0x000007da	4
0x000007da	5
0x000007da	6
0x000007da	7
0x000007da	8
0x000007dc	0
0x000007dc	1
0x000007dc	2
0x000003c0	1
0x000003c2	0
0x000003c2	1
0x000003d4	1
0x000003da	1
0x000003da	2
0x000007d8	1
0x000007da	0
0x000007da	1
0x000007da	2
0x000007da	3
0x000007da	4
0x000007da	5
0x000007da	6
0x000007da	7
0x000007da	8
0x000007dc	0
0x000007dc	1
0x000007dc	2
0x000003c0	1
0x000003c2	0
0x000003c2	1
0x000003d4	1
0x000003da	1
0x000003da	2
0x000007d8	1
0x000007da	0
0x000007da	1
0x000007da	2
0x000007da	3
0x000007da	4
0x000007da	5
0x000007da	6
0x000007da	7
0x000007da	8
0x000007dc	0
0x000007dc	1
0x000007dc	2
0x000003c0	1
0x000003c2	0
0x000003c2	1
0x000003d4	1
0x000003da	1
0x000003da	2
0x000007d8	1
0x000007da	0
0x000007da	1
0x000007da	2
0x000007da	3
0x000007da	4
0x000007da	5
0x000007da	6
0x000007da	7
0x000007da	8
0x000007dc	0
0x000007dc	1
0x000007dc	2
0x000003c0	1
0x000003c2	0
0x000003c2	1
0x000003d4	1
0x000003da	1
0x000003da	2
0x000007d8	1
0x000007da	0
0x000007da	1
0x000007da	2
0x000007da	3
0x000007da	4
0x000007da	5
0x000007da	6
0x000007da	7
0x000007da	8
0x000007dc	0
0x000007dc	1
0x000007dc	2
0x000003c0	1
0x000003c2	0
0x000003c2	1
0x000003d4	1
0x000003da	1
0x000003da	2
0x000007d8	1
0x000007da	0
0x000007da	1
0x000007da	2
0x000007da	3
0x000007da	4
0x000007da	5
0x000007da	6
0x000007da	7
0x000007da	8
0x000007dc	0
0x000007dc	1
0x000007dc	2
0x000003c0	1
0x000003c2	0
0x000003c2	1
0x000003d4	1
0x000003da	1
0x000003da	2
0x000007d8	1
0x000007da	0
0x000007da	1
0x000007da	2
0x000007da	3
0x000007da	4
0x000007da	5
0x000007da	6
0x000007da	7
0x000007da	8
0x000007dc	0
0x000007dc	1
0x000007dc	2
0x000003c0	1
0x000003c2	0
0x000003c2	1
0x000003d4	1
0x000003da	1
0x000003da	2
0x000007d8	1
0x000007da	0
0x000007da	1
0x000007da	2
0x000007da	3
0x000007da	4
0x000007da	5
0x000007da	6
0x000007da	7
0x000007da	8
0x000007dc	0
0x000007dc	1
0x000007dc	2
0x000003c0	1
0x000003c2	0
0x000003c2	1
0x000003d4	1
0x000003da	1
0x000003da	2
0x000007d8	1
0x000007da	0
0x000007da	1
0x000007da	2
0x000007da	3
0x000007da	4
0x000007da	5
0x000007da	6
0x000007da	7
0x000007da	8
0x000007dc	0
0x000007dc	1
0x000007dc	2
0x000003c0	1
0x000003c2	0
0x000003c2	1
0x000003d4	1
0x000003da	1
0x000003da	2
0x000007d8	1
0x000007da	0
0x000007da	1
0x000007da	2
0x000007da	3
0x000007da	4
0x000007da	5
0x000007da	6
0x000007da	7
0x000007da	8
0x000007dc	0
0x000007dc	1
0x000007dc	2
0x000003c0	1
0x000003c2	0
0x000003c2	1
0x000003d4	1
0x000003da	1
0x000003da	2
0x000007d8	1
0x000007da	0
0x000007da	1
0x000007da	2
0x000007da	3
0x000007da	4
0x000007da	5
0x000007da	6
0x000007da	7
0x000007da	8
0x000007dc	0
0x000007dc	1
0x000007dc	2
0x000003c0	1
0x000003c2	0
0x000003c2	1
0x000003d4	1
0x000003da	1
0x000003da	2
0x000007d8	1
0x000007da	0
0x000007da	1
0x000007da	2
0x000007da	3
0x000007da	4
0x000007da	5
0x000007da	6
0x000007da	7
0x000007da	8
0x000007dc	0
0x000007dc	1
0x000007dc	2
0x000003c0	1
0x000003c2	0
0x000003c2	1
0x000003d4	1
0x000003da	1
0x000003da	2
0x000007d8	1
0x000007da	0
0x000007da	1
0x000007da	2
0x000007da	3
0x000007da	4
0x000007da	5
0x000007da	6
0x000007da	7
0x000007da	8
0x000007dc	0
0x000007dc	1
0x000007dc	2
0x000003c0	1
0x000003c2	0
0x000003c2	1
0x000003d4	1
0x000003da	1
0x000003da	2
0x000007d8	1
0x000007da	0
0x000007da	1
0x000007da	2
0x000007da	3
0x000007da	4
0x000007da	5
0x000007da	6
0x000007da	7
0x000007da	8
0x000007dc	0
0x000007dc	1
0x000007dc	2
0x000003c0	1
0x000003c2	0
0x000003c2	1
0x000003d4	1
0x000003da	1
0x000003da	2
0x000007d8	1
0x000007da	0
0x000007da	1
0x000007da	2
0x000007da	3
0x000007da	4
0x000007da	5
0x000007da	6
0x000007da	7
0x000007da	8
0x000007dc	0
0x000007dc	1
0x000007dc	2
0x000003c0	1
0x000003c2	0
0x000003c2	1
0x000003d4	1
0x000003da	1
0x000003da	2
0x000007d8	1
0x000007da	0
0x000007da	1
0x000007da	2
0x000007da	3
0x000007da	4
0x000007da	5
0x000007da	6
0x000007da	7
0x000007da	8
0x000007dc	0
0x000007dc	1
0x000007dc	2
0x000003c0	1
0x000003c2	0
0x000003c2	1
0x000003d4	1
0x000003da	1
0x000003da	2
0x000007d8	1
0x000007da	0
0x000007da	1
0x000007da	2
0x000007da	3
0x000007da	4
0x000007da	5
0x000007da	6
0x000007da	7
0x000007da	8
0x000007dc	0
0x000007dc	1
0x000007dc	2
0x000003c0	1
0x000003c2	0
0x000003c2	1
0x000003d4	1
0x000003da	1
0x000003da	2
0x000007d8	1
0x000007da	0
0x000007da	1
0x000007da	2
0x000007da	3
0x000007da	4
0x000007da	5
0x000007da	6
0x000007da	7
0x000007da	8
0x000007dc	0
0x000007dc	1
0x000007dc	2
0x000003c0	1
0x000003c2	0
0x000003c2	1
0x000003d4	1
0x000003da	1
0x000003da	2
0x000007d8	1
0x000007da	0
0x000007da	1
0x000007da	2
0x000007da	3
0x000007da	4
0x000007da	5
0x000007da	6
0x000007da	7
0x000007da	8
0x000007dc	0
0x000007dc	1
0x000007dc	2
0x000003c0	1
0x000003c2	0
0x000003c2	1
0x000003d4	1
0x000003da	1
0x000003da	2
0x000007d8	1
0x000007da	0
0x000007da	1
0x000007da	2
0x000007da	3
0x000007da	4
0x000007da	5
0x000007da	6
0x000007da	7
0x000007da	8
0x000007dc	0
0x000007dc	1
0x000007dc	2
0x000003c0	1
0x000003c2	0
0x000003c2	1
0x000003d4	1
0x000003da	1
0x000003da	2
0x000007d8	1
0x000007da	0
0x000007da	1
0x000007da	2
0x000007da	3
0x000007da	4
0x000007da	5
0x000007da	6
0x000007da	7
0x000007da	8
0x000007dc	0
0x000007dc	1
0x000007dc	2
0x000003c0	1
0x000003c2	0
0x000003c2	1
0x000003d4	1
0x000003da	1
0x000003da	2
0x000007d8	1
0x000007da	0
0x000007da	1
0x000007da	2
0x000007da	3
0x000007da	4
0x000007da	5
0x000007da	6
0x000007da	7
0x000007da	8
0x000007dc	0
0x000007dc	1
0x000007dc	2
0x000003c0	1
0x000003c2	0
0x000003c2	1
0x000003d4	1
0x000003da	1
0x000003da	2
0x000007d8	1
0x000007da	0
0x000007da	1
0x000007da	2
0x000007da	3
0x000007da	4
0x000007da	5
0x000007da	6
0x000007da	7
0x000007da	8
0x000007dc	0
0x000007dc	1
0x000007dc	2
0x000003c0	1
0x000003c2	0
0x000003c2	1
0x000003d4	1
0x000003da	1
0x000003da	2
0x000007d8	1
0x000007da	0
0x000007da	1
0x000007da	2
0x000007da	3
0x000007da	4
0x000007da	5
0x000007da	6
0x000007da	7
0x000007da	8
0x000007dc	0
0x000007dc	1
0x000007dc	2
0x000003c0	1
0x000003c2	0
0x000003c2	1
0x000003d4	1
0x000003da	1
0x000003da	2
0x000007d8	1
0x000007da	0
0x000007da	1
0x000007da	2
0x000007da	3
0x000007da	4
0x000007da	5
0x000007da	6
0x000007da	7
0x000007da	8
0x000007dc	0
0x000007dc	1
0x000007dc	2
0x000003c0	1
0x000003c2	0
0x000003c2	1
0x000003d4	1
0x000003da	1
0x000003da	2
0x000007d8	1
0x000007da	0
0x000007da	1
0x000007da	2
0x000007da	3
0x000007da	4
0x000007da	5
0x000007da	6
0x000007da	7
0x000007da	8
0x000007dc	0
0x000007dc	1
0x000007dc	2
0x000003c0	1
0x000003c2	0
0x000003c2	1
0x000003d4	1
0x000003da	1
0x000003da	2
0x000007d8	1
0x000007da	0
0x000007da	1
0x000007da	2
0x000007da	3
0x000007da	4
0x000007da	5
0x000007da	6
0x000007da	7
0x000007da	8
0x000007dc	0
0x000007dc	1
0x000007dc	2
0x000003c0	1
0x000003c2	0
0x000003c2	1
0x000003d4	1
0x000003da	1
0x000003da	2
0x000007d8	1
0x000007da	0
0x000007da	1
0x000007da	2
0x000007da	3
0x000007da	4
0x000007da	5
0x000007da	6
0x000007da	7
0x000007da	8
0x000007dc	0
0x000007dc	1
0x000007dc	2
0x000003c0	1
0x000003c2	0
0x000003c2	1
0x000003d4	1
0x000003da	1
0x000003da	2
0x000007d8	1
0x000007da	0
0x000007da	1
0x000007da	2
0x000007da	3
0x000007da	4
0x000007da	5
0x000007da	6
0x000007da	7
0x000007da	8
0x000007dc	0
0x000007dc	1
0x000007dc	2
0x000003c0	1
0x000003c2	0
0x000003c2	1
0x000003d4	1
0x000003da	1
0x000003da	2
0x000007d8	1
0x000007da	0
0x000007da	1
0x000007da	2
0x000007da	3
0x000007da	4
0x000007da	5
0x000007da	6
0x000007da	7
0x000007da	8
0x000007dc	0
0x000007dc	1
0x000007dc	2
0x000003c0	1
0x000003c2	0
0x000003c2	1
0x000003d4	1
0x000003da	1
0x000003da	2
0x000007d8	1
0x000007da	0
0x000007da	1
0x000007da	2
0x000007da	3
0x000007da	4
0x000007da	5
0x000007da	6
0x000007da	7
0x000007da	8
0x000007dc	0
0x000007dc	1
0x000007dc	2
0x000003c0	1
0x000003c2	0
0x000003c2	1
0x000003d4	1
0x000003da	1
0x000003da	2
0x000007d8	1
0x000007da	0
0x000007da	1
0x000007da	2
0x000007da	3
0x000007da	4
0x000007da	5
0x000007da	6
0x000007da	7
0x000007da	8
0x000007dc	0
0x000007dc	1
0x000007dc	2
0x000003c0	1
0x000003c2	0
0x000003c2	1
0x000003d4	1
0x000003da	1
0x000003da	2
0x000007d8	1
0x000007da	0
0x000007da	1
0x000007da	2
0x000007da	3
0x000007da	4
0x000007da	5
0x000007da	6
0x000007da	7
0x000007da	8
0x000007dc	0
0x000007dc	1
0x000007dc	2
0x000003c0	1
0x000003c2	0
0x000003c2	1
0x000003d4	1
0x000003da	1
0x000003da	2
0x000007d8	1
0x000007da	0
0x000007da	1
0x000007da	2
0x000007da	3
0x000007da	4
0x000007da	5
0x000007da	6
0x000007da	7
0x000007da	8
0x000007dc	0
0x000007dc	1
0x000007dc	2
0x000003c0	1
0x000003c2	0
0x000003c2	1
0x000003d4	1
0x000003da	1
0x000003da	2
0x000007d8	1
0x000007da	0
0x000007da	1
0x000007da	2
0x000007da	3
0x000007da	4
0x000007da	5
0x000007da	6
0x000007da	7
0x000007da	8
0x000007dc	0
0x000007dc	1
0x000007dc	2
0x000003c0	1
0x000003c2	0
0x000003c2	1
0x000003d4	1
0x000003da	1
0x000003da	2
0x000007d8	1
0x000007da	0
0x000007da	1
0x000007da	2
0x000007da	3
0x000007da	4
0x000007da	5
0x000007da	6
0x000007da	7
0x000007da	8
0x000007dc	0
0x000007dc	1
0x000007dc	2
0x000003c0	1
0x000003c2	0
0x000003c2	1
0x000003d4	1
0x000003da	1
0x000003da	2
0x000007d8	1
0x000007da	0
0x000007da	1
0x000007da	2
0x000007da	3
0x000007da	4
0x000007da	5
0x000007da	6
0x000007da	7
0x000007da	8
0x000007dc	0
0x000007dc	1
0x000007dc	2
0x000003c0	1
0x000003c2	0
0x000003c2	1
0x000003d4	1
0x000003da	1
0x000003da	2
0x000007d8	1
0x000007da	0
0x000007da	1
0x000007da	2
0x000007da	3
0x000007da	4
0x000007da	5
0x000007da	6
0x000007da	7
0x000007da	8
0x000007dc	0
0x000007dc	1
0x000007dc	2
0x000003c0	1
0x000003c2	0
0x000003c2	1
0x000003d4	1
0x000003da	1
0x000003da	2
0x000007d8	1
0x000007da	0
0x000007da	1
0x000007da	2
0x000007da	3
0x000007da	4
0x000007da	5
0x000007da	6
0x000007da	7
0x000007da	8
0x000007dc	0
0x000007dc	1
0x000007dc	2
0x000003c0	1
0x000003c2	0
0x000003c2	1
0x000003d4	1
0x000003da	1
0x000003da	2
0x000007d8	1
0x000007da	0
0x000007da	1
0x000007da	2
0x000007da	3
0x000007da	4
0x000007da	5
0x000007da	6
0x000007da	7
0x000007da	8
0x000007dc	0
0x000007dc	1
0x000007dc	2
0x000003c0	1
0x000003c2	0
0x000003c2	1
0x000003d4	1
0x000003da	1
0x000003da	2
0x000007d8	1
0x000007da	0
0x000007da	1
0x000007da	2
0x000007da	3
0x000007da	4
0x000007da	5
0x000007da	6
0x000007da	7
0x000007da	8
0x000007dc	0
0x000007dc	1
0x000007dc	2
0x000003c0	1
0x000003c2	0
0x000003c2	1
0x000003d4	1
0x000003da	1
0x000003da	2
0x000007d8	1
0x000007da	0
0x000007da	1
0x000007da	2
0x000007da	3
0x000007da	4
0x000007da	5
0x000007da	6
0x000007da	7
0x000007da	8
0x000007dc	0
0x000007dc	1
0x000007dc	2
0x000003c0	1
0x000003c2	0
0x000003c2	1
0x000003d4	1
0x000003da	1
0x000003da	2
0x000007d8	1
0x000007da	0
0x000007da	1
0x000007da	2
0x000007da	3
0x000007da	4
0x000007da	5
0x000007da	6
0x000007da	7
0x000007da	8
0x000007dc	0
0x000007dc	1
0x000007dc	2
0x000003c0	1
0x000003c2	0
0x000003c2	1
0x000003d4	1
0x000003da	1
0x000003da	2
0x000007d8	1
0x000007da	0
0x000007da	1
0x000007da	2
0x000007da	3
0x000007da	4
0x000007da	5
0x000007da	6
0x000007da	7
0x000007da	8
0x000007dc	0
0x000007dc	1
0x000007dc	2
0x000003c0	1
0x000003c2	0
0x000003c2	1
0x000003d4	1
0x000003da	1
0x000003da	2
0x000007d8	1
0x000007da	0
0x000007da	1
0x000007da	2
0x000007da	3
0x000007da	4
0x000007da	5
0x000007da	6
0x000007da	7
0x000007da	8
0x000007dc	0
0x000007dc	1
0x000007dc	2
0x000003c0	1
0x000003c2	0
0x000003c2	1
0x000003d4	1
0x000003da	1
0x000003da	2
0x000007d8	1
0x000007da	0
0x000007da	1
0x000007da	2
0x000007da	3
0x000007da	4
0x000007da	5
0x000007da	6
0x000007da	7
0x000007da	8
0x000007dc	0
0x000007dc	1
0x000007dc	2
0x000003c0	1
0x000003c2	0
0x000003c2	1
0x000003d4	1
0x000003da	1
0x000003da	2
0x000007d8	1
0x000007da	0
0x000007da	1
0x000007da	2
0x000007da	3
0x000007da	4
0x000007da	5
0x000007da	6
0x000007da	7
0x000007da	8
0x000007dc	0
0x000007dc	1
0x000007dc	2
0x000003c0	1
0x000003c2	0
0x000003c2	1
0x000003d4	1
0x000003da	1
0x000003da	2
0x000007d8	1
0x000007da	0
0x000007da	1
0x000007da	2
0x000007da	3
0x000007da	4
0x000007da	5
0x000007da	6
0x000007da	7
0x000007da	8
0x000007dc	0
0x000007dc	1
0x000007dc	2
0x000003c0	1
0x000003c2	0
0x000003c2	1
0x000003d4	1
0x000003da	1
0x000003da	2
0x000007d8	1
0x000007da	0
0x000007da	1
0x000007da	2
0x000007da	3
0x000007da	4
0x000007da	5
0x000007da	6
0x000007da	7
0x000007da	8
0x000007dc	0
0x000007dc	1
0x000007dc	2
0x000003c0	1
0x000003c2	0
0x000003c2	1
0x000003d4	1
0x000003da	1
0x000003da	2
0x000007d8	1
0x000007da	0
0x000007da	1
0x000007da	2
0x000007da	3
0x000007da	4
0x000007da	5
0x000007da	6
0x000007da	7
0x000007da	8
0x000007dc	0
0x000007dc	1
0x000007dc	2
0x000003c0	1
0x000003c2	0
0x000003c2	1
0x000003d4	1
0x000003da	1
0x000003da	2
0x000007d8	1
0x000007da	0
0x000007da	1
0x000007da	2
0x000007da	3
0x000007da	4
0x000007da	5
0x000007da	6
0x000007da	7
0x000007da	8
0x000007dc	0
0x000007dc	1
0x000007dc	2
0x000003c0	1
0x000003c2	0
0x000003c2	1
0x000003d4	1
0x000003da	1
0x000003da	2
0x000007d8	1
0x000007da	0
0x000007da	1
0x000007da	2
0x000007da	3
0x000007da	4
0x000007da	5
0x000007da	6
0x000007da	7
0x000007da	8
0x000007dc	0
0x000007dc	1
0x000007dc	2
0x000003c0	1
0x000003c2	0
0x000003c2	1
0x000003d4	1
0x000003da	1
0x000003da	2
0x000007d8	1
0x000007da	0
0x000007da	1
0x000007da	2
0x000007da	3
0x000007da	4
0x000007da	5
0x000007da	6
0x000007da	7
0x000007da	8
0x000007dc	0
0x000007dc	1
0x000007dc	2
0x000003c0	1
0x000003c2	0
0x000003c2	1
0x000003d4	1
0x000003da	1
0x000003da	2
0x000007d8	1
0x000007da	0
0x000007da	1
0x000007da	2
0x000007da	3
0x000007da	4
0x000007da	5
0x000007da	6
0x000007da	7
0x000007da	8
0x000007dc	0
0x000007dc	1
0x000007dc	2
0x000003c0	1
0x000003c2	0
0x000003c2	1
0x000003d4	1
0x000003da	1
0x000003da	2
0x000007d8	1
0x000007da	0
0x000007da	1
0x000007da	2
0x000007da	3
0x000007da	4
0x000007da	5
0x000007da	6
0x000007da	7
0x000007da	8
0x000007dc	0
0x000007dc	1
0x000007dc	2
0x000003c0	1
0x000003c2	0
0x000003c2	1
0x000003d4	1
0x000003da	1
0x000003da	2
0x000007d8	1
0x000007da	0
0x000007da	1
0x000007da	2
0x000007da	3
0x000007da	4
0x000007da	5
0x000007da	6
0x000007da	7
0x000007da	8
0x000007dc	0
0x000007dc	1
0x000007dc	2
0x000003c0	1
0x000003c2	0
0x000003c2	1
0x000003d4	1
0x000003da	1
0x000003da	2
0x000007d8	1
0x000007da	0
0x000007da	1
0x000007da	2
0x000007da	3
0x000007da	4
0x000007da	5
0x000007da	6
0x000007da	7
0x000007da	8
0x000007dc	0
0x000007dc	1
0x000007dc	2
0x000003c0	1
0x000003c2	0
0x000003c2	1
0x000003d4	1
0x000003da	1
0x000003da	2
0x000007d8	1
0x000007da	0
0x000007da	1
0x000007da	2
0x000007da	3
0x000007da	4
0x000007da	5
0x000007da	6
0x000007da	7
0x000007da	8
0x000007dc	0
0x000007dc	1
0x000007dc	2
0x000003c0	1
0x000003c2	0
0x000003c2	1
0x000003d4	1
0x000003da	1
0x000003da	2
0x000007d8	1
0x000007da	0
0x000007da	1
0x000007da	2
0x000007da	3
0x000007da	4
0x000007da	5
0x000007da	6
0x000007da	7
0x000007da	8
0x000007dc	0
0x000007dc	1
0x000007dc	2
0x000003c0	1
0x000003c2	0
0x000003c2	1
0x000003d4	1
0x000003da	1
0x000003da	2
0x000007d8	1
0x000007da	0
0x000007da	1
0x000007da	2
0x000007da	3
0x000007da	4
0x000007da	5
0x000007da	6
0x000007da	7
0x000007da	8
0x000007dc	0
0x000007dc	1
0x000007dc	2
0x000003c0	1
0x000003c2	0
0x000003c2	1
0x000003d4	1
0x000003da	1
0x000003da	2
0x000007d8	1
0x000007da	0
0x000007da	1
0x000007da	2
0x000007da	3
0x000007da	4
0x000007da	5
0x000007da	6
0x000007da	7
0x000007da	8
0x000007dc	0
0x000007dc	1
0x000007dc	2
0x000003c0	1
0x000003c2	0
0x000003c2	1
0x000003d4	1
0x000003da	1
0x000003da	2
0x000007d8	1
0x000007da	0
0x000007da	1
0x000007da	2
0x000007da	3
0x000007da	4
0x000007da	5
0x000007da	6
0x000007da	7
0x000007da	8
0x000007dc	0
0x000007dc	1
0x000007dc	2
0x000003c0	1
0x000003c2	0
0x000003c2	1
0x000003d4	1
0x000003da	1
0x000003da	2
0x000007d8	1
0x000007da	0
0x000007da	1
0x000007da	2
0x000007da	3
0x000007da	4
0x000007da	5
0x000007da	6
0x000007da	7
0x000007da	8
0x000007dc	0
0x000007dc	1
0x000007dc	2
0x000003c0	1
0x000003c2	0
0x000003c2	1
0x000003d4	1
0x000003da	1
0x000003da	2
0x000007d8	1
0x000007da	0
0x000007da	1
0x000007da	2
0x000007da	3
0x000007da	4
0x000007da	5
0x000007da	6
0x000007da	7
0x000007da	8
0x000007dc	0
0x000007dc	1
0x000007dc	2
0x000003c0	1
0x000003c2	0
0x000003c2	1
0x000003d4	1
0x000003da	1
0x000003da	2
0x000007d8	1
0x000007da	0
0x000007da	1
0x000007da	2
0x000007da	3
0x000007da	4
0x000007da	5
0x000007da	6
0x000007da	7
0x000007da	8
0x000007dc	0
0x000007dc	1
0x000007dc	2
0x000003c0	1
0x000003c2	0
0x000003c2	1
0x000003d4	1
0x000003da	1
0x000003da	2
0x000007d8	1
0x000007da	0
0x000007da	1
0x000007da	2
0x000007da	3
0x000007da	4
0x000007da	5
0x000007da	6
0x000007da	7
0x000007da	8
0x000007dc	0
0x000007dc	1
0x000007dc	2
0x000003c0	1
0x000003c2	0
0x000003c2	1
0x000003d4	1
0x000003da	1
0x000003da	2
0x000007d8	1
0x000007da	0
0x000007da	1
0x000007da	2
0x000007da	3
0x000007da	4
0x000007da	5
0x000007da	6
0x000007da	7
0x000007da	8
0x000007dc	0
0x000007dc	1
0x000007dc	2
0x000003c0	1
0x000003c2	0
0x000003c2	1
0x000003d4	1
0x000003da	1
0x000003da	2
0x000007d8	1
0x000007da	0
0x000007da	1
0x000007da	2
0x000007da	3
0x000007da	4
0x000007da	5
0x000007da	6
0x000007da	7
0x000007da	8
0x000007dc	0
0x000007dc	1
0x000007dc	2
0x000003c0	1
0x000003c2	0
0x000003c2	1
0x000003d4	1
0x000003da	1
0x000003da	2
0x000007d8	1
0x000007da	0
0x000007da	1
0x000007da	2
0x000007da	3
0x000007da	4
0x000007da	5
0x000007da	6
0x000007da	7
0x000007da	8
0x000007dc	0
0x000007dc	1
0x000007dc	2
0x000003c0	1
0x000003c2	0
0x000003c2	1
0x000003d4	1
0x000003da	1
0x000003da	2
0x000007d8	1
0x000007da	0
0x000007da	1
0x000007da	2
0x000007da	3
0x000007da	4
0x000007da	5
0x000007da	6
0x000007da	7
0x000007da	8
0x000007dc	0
0x000007dc	1
0x000007dc	2
0x000003c0	1
0x000003c2	0
0x000003c2	1
0x000003d4	1
0x000003da	1
0x000003da	2
0x000007d8	1
0x000007da	0
0x000007da	1
0x000007da	2
0x000007da	3
0x000007da	4
0x000007da	5
0x000007da	6
0x000007da	7
0x000007da	8
0x000007dc	0
0x000007dc	1
0x000007dc	2
0x000003c0	1
0x000003c2	0
0x000003c2	1
0x000003d4	1
0x000003da	1
0x000003da	2
0x000007d8	1
0x000007da	0
0x000007da	1
0x000007da	2
0x000007da	3
0x000007da	4
0x000007da	5
0x000007da	6
0x000007da	7
0x000007da	8
0x000007dc	0
0x000007dc	1
0x000007dc	2
0x000003c0	1
0x000003c2	0
0x000003c2	1
0x000003d4	1
0x000003da	1
0x000003da	2
0x000007d8	1
0x000007da	0
0x000007da	1
0x000007da	2
0x000007da	3
0x000007da	4
0x000007da	5
0x000007da	6
0x000007da	7
0x000007da	8
0x000007dc	0
0x000007dc	1
0x000007dc	2
0x000003c0	1
0x000003c2	0
0x000003c2	1
0x000003d4	1
0x000003da	1
0x000003da	2
0x000007d8	1
0x000007da	0
0x000007da	1
0x000007da	2
0x000007da	3
0x000007da	4
0x000007da	5
0x000007da	6
0x000007da	7
0x000007da	8
0x000007dc	0
0x000007dc	1
0x000007dc	2
0x000003c0	1
0x000003c2	0
0x000003c2	1
0x000003d4	1
0x000003da	1
0x000003da	2
0x000007d8	1
0x000007da	0
0x000007da	1
0x000007da	2
0x000007da	3
0x000007da	4
0x000007da	5
0x000007da	6
0x000007da	7
0x000007da	8
0x000007dc	0
0x000007dc	1
0x000007dc	2
0x000003c0	1
0x000003c2	0
0x000003c2	1
0x000003d4	1
0x000003da	1
0x000003da	2
0x000007d8	1
0x000007da	0
0x000007da	1
0x000007da	2
0x000007da	3
0x000007da	4
0x000007da	5
0x000007da	6
0x000007da	7
0x000007da	8
0x000007dc	0
0x000007dc	1
0x000007dc	2
0x000003c0	1
0x000003c2	0
0x000003c2	1
0x000003d4	1
0x000003da	1
0x000003da	2
0x000007d8	1
0x000007da	0
0x000007da	1
0x000007da	2
0x000007da	3
0x000007da	4
0x000007da	5
0x000007da	6
0x000007da	7
0x000007da	8
0x000007dc	0
0x000007dc	1
0x000007dc	2
0x000003c0	1
0x000003c2	0
0x000003c2	1
0x000003d4	1
0x000003da	1
0x000003da	2
0x000007d8	1
0x000007da	0
0x000007da	1
0x000007da	2
0x000007da	3
0x000007da	4
0x000007da	5
0x000007da	6
0x000007da	7
0x000007da	8
0x000007dc	0
0x000007dc	1
0x000007dc	2
0x000003c0	1
0x000003c2	0
0x000003c2	1
0x000003d4	1
0x000003da	1
0x000003da	2
0x000007d8	1
0x000007da	0
0x000007da	1
0x000007da	2
0x000007da	3
0x000007da	4
0x000007da	5
0x000007da	6
0x000007da	7
0x000007da	8
0x000007dc	0
0x000007dc	1
0x000007dc	2
0x000003c0	1
0x000003c2	0
0x000003c2	1
0x000003d4	1
0x000003da	1
0x000003da	2
0x000007d8	1
0x000007da	0
0x000007da	1
0x000007da	2
0x000007da	3
0x000007da	4
0x000007da	5
0x000007da	6
0x000007da	7
0x000007da	8
0x000007dc	0
0x000007dc	1
0x000007dc	2
0x000003c0	1
0x000003c2	0
0x000003c2	1
0x000003d4	1
0x000003da	1
0x000003da	2
0x000007d8	1
0x000007da	0
0x000007da	1
0x000007da	2
0x000007da	3
0x000007da	4
0x000007da	5
0x000007da	6
0x000007da	7
0x000007da	8
0x000007dc	0
0x000007dc	1
0x000007dc	2
0x000003c0	1
0x000003c2	0
0x000003c2	1
0x000003d4	1
0x000003da	1
0x000003da	2
0x000007d8	1
0x000007da	0
0x000007da	1
0x000007da	2
0x000007da	3
0x000007da	4
0x000007da	5
0x000007da	6
0x000007da	7
0x000007da	8
0x000007dc	0
0x000007dc	1
0x000007dc	2
0x000003c0	1
0x000003c2	0
0x000003c2	1
0x000003d4	1
0x000003da	1
0x000003da	2
0x000007d8	1
0x000007da	0
0x000007da	1
0x000007da	2
0x000007da	3
0x000007da	4
0x000007da	5
0x000007da	6
0x000007da	7
0x000007da	8
0x000007dc	0
0x000007dc	1
0x000007dc	2
0x000003c0	1
0x000003c2	0
0x000003c2	1
0x000003d4	1
0x000003da	1
0x000003da	2
0x000007d8	1
0x000007da	0
0x000007da	1
0x000007da	2
0x000007da	3
0x000007da	4
0x000007da	5
0x000007da	6
0x000007da	7
0x000007da	8
0x000007dc	0
0x000007dc	1
0x000007dc	2
0x000003c0	1
0x000003c2	0
0x000003c2	1
0x000003d4	1
0x000003da	1
0x000003da	2
0x000007d8	1
0x000007da	0
0x000007da	1
0x000007da	2
0x000007da	3
0x000007da	4
0x000007da	5
0x000007da	6
0x000007da	7
0x000007da	8
0x000007dc	0
0x000007dc	1
0x000007dc	2
0x000003c0	1
0x000003c2	0
0x000003c2	1
0x000003d4	1
0x000003da	1
0x000003da	2
0x000007d8	1
0x000007da	0
0x000007da	1
0x000007da	2
0x000007da	3
0x000007da	4
0x000007da	5
0x000007da	6
0x000007da	7
0x000007da	8
0x000007dc	0
0x000007dc	1
0x000007dc	2
0x000003c0	1
0x000003c2	0
0x000003c2	1
0x000003d4	1
0x000003da	1
0x000003da	2
0x000007d8	1
0x000007da	0
0x000007da	1
0x000007da	2
0x000007da	3
0x000007da	4
0x000007da	5
0x000007da	6
0x000007da	7
0x000007da	8
0x000007dc	0
0x000007dc	1
0x000007dc	2
0x000003c0	1
0x000003c2	0
0x000003c2	1
0x000003d4	1
0x000003da	1
0x000003da	2
0x000007d8	1
0x000007da	0
0x000007da	1
0x000007da	2
0x000007da	3
0x000007da	4
0x000007da	5
0x000007da	6
0x000007da	7
0x000007da	8
0x000007dc	0
0x000007dc	1
0x000007dc	2
0x000003c0	1
0x000003c2	0
0x000003c2	1
0x000003d4	1
0x000003da	1
0x000003da	2
0x000007d8	1
0x000007da	0
0x000007da	1
0x000007da	2
0x000007da	3
0x000007da	4
0x000007da	5
0x000007da	6
0x000007da	7
0x000007da	8
0x000007dc	0
0x000007dc	1
0x000007dc	2
0x000003c0	1
0x000003c2	0
0x000003c2	1
0x000003d4	1
0x000003da	1
0x000003da	2
0x000007d8	1
0x000007da	0
0x000007da	1
0x000007da	2
0x000007da	3
0x000007da	4
0x000007da	5
0x000007da	6
0x000007da	7
0x000007da	8
0x000007dc	0
0x000007dc	1
0x000007dc	2
0x000003c0	1
0x000003c2	0
0x000003c2	1
0x000003d4	1
0x000003da	1
0x000003da	2
0x000007d8	1
0x000007da	0
0x000007da	1
0x000007da	2
0x000007da	3
0x000007da	4
0x000007da	5
0x000007da	6
0x000007da	7
0x000007da	8
0x000007dc	0
0x000007dc	1
0x000007dc	2
0x000003c0	1
0x000003c2	0
0x000003c2	1
0x000003d4	1
0x000003da	1
0x000003da	2
0x000007d8	1
0x000007da	0
0x000007da	1
0x000007da	2
0x000007da	3
0x000007da	4
0x000007da	5
0x000007da	6
0x000007da	7
0x000007da	8
0x000007dc	0
0x000007dc	1
0x000007dc	2
0x000003c0	1
0x000003c2	0
0x000003c2	1
0x000003d4	1
0x000003da	1
0x000003da	2
0x000007d8	1
0x000007da	0
0x000007da	1
0x000007da	2
0x000007da	3
0x000007da	4
0x000007da	5
0x000007da	6
0x000007da	7
0x000007da	8
0x000007dc	0
0x000007dc	1
0x000007dc	2
0x000003c0	1
0x000003c2	0
0x000003c2	1
0x000003d4	1
0x000003da	1
0x000003da	2
0x000007d8	1
0x000007da	0
0x000007da	1
0x000007da	2
0x000007da	3
0x000007da	4
0x000007da	5
0x000007da	6
0x000007da	7
0x000007da	8
0x000007dc	0
0x000007dc	1
0x000007dc	2
0x000003c0	1
0x000003c2	0
0x000003c2	1
0x000003d4	1
0x000003da	1
0x000003da	2
0x000007d8	1
0x000007da	0
0x000007da	1
0x000007da	2
0x000007da	3
0x000007da	4
0x000007da	5
0x000007da	6
0x000007da	7
0x000007da	8
0x000007dc	0
0x000007dc	1
0x000007dc	2
0x000003c0	1
0x000003c2	0
0x000003c2	1
0x000003d4	1
0x000003da	1
0x000003da	2
0x000007d8	1
0x000007da	0
0x000007da	1
0x000007da	2
0x000007da	3
0x000007da	4
0x000007da	5
0x000007da	6
0x000007da	7
0x000007da	8
0x000007dc	0
0x000007dc	1
0x000007dc	2
0x000003c0	1
0x000003c2	0
0x000003c2	1
0x000003d4	1
0x000003da	1
0x000003da	2
0x000007d8	1
0x000007da	0
0x000007da	1
0x000007da	2
0x000007da	3
0x000007da	4
0x000007da	5
0x000007da	6
0x000007da	7
0x000007da	8
0x000007dc	0
0x000007dc	1
0x000007dc	2
0x000003c0	1
0x000003c2	0
0x000003c2	1
0x000003d4	1
0x000003da	1
0x000003da	2
0x000007d8	1
0x000007da	0
0x000007da	1
0x000007da	2
0x000007da	3
0x000007da	4
0x000007da	5
0x000007da	6
0x000007da	7
0x000007da	8
0x000007dc	0
0x000007dc	1
0x000007dc	2
0x000003c0	1
0x000003c2	0
0x000003c2	1
0x000003d4	1
0x000003da	1
0x000003da	2
0x000007d8	1
0x000007da	0
0x000007da	1
0x000007da	2
0x000007da	3
0x000007da	4
0x000007da	5
0x000007da	6
0x000007da	7
0x000007da	8
0x000007dc	0
0x000007dc	1
0x000007dc	2
0x000003c0	1
0x000003c2	0
0x000003c2	1
0x000003d4	1
0x000003da	1
0x000003da	2
0x000007d8	1
0x000007da	0
0x000007da	1
0x000007da	2
0x000007da	3
0x000007da	4
0x000007da	5
0x000007da	6
0x000007da	7
0x000007da	8
0x000007dc	0
0x000007dc	1
0x000007dc	2
0x000003c0	1
0x000003c2	0
0x000003c2	1
0x000003d4	1
0x000003da	1
0x000003da	2
0x000007d8	1
0x000007da	0
0x000007da	1
0x000007da	2
0x000007da	3
0x000007da	4
0x000007da	5
0x000007da	6
0x000007da	7
0x000007da	8
0x000007dc	0
0x000007dc	1
0x000007dc	2
0x000003c0	1
0x000003c2	0
0x000003c2	1
0x000003d4	1
0x000003da	1
0x000003da	2
0x000007d8	1
0x000007da	0
0x000007da	1
0x000007da	2
0x000007da	3
0x000007da	4
0x000007da	5
0x000007da	6
0x000007da	7
0x000007da	8
0x000007dc	0
0x000007dc	1
0x000007dc	2
0x000003c0	1
0x000003c2	0
0x000003c2	1
0x000003d4	1
0x000003da	1
0x000003da	2
0x000007d8	1
0x000007da	0
0x000007da	1
0x000007da	2
0x000007da	3
0x000007da	4
0x000007da	5
0x000007da	6
0x000007da	7
0x000007da	8
0x000007dc	0
0x000007dc	1
0x000007dc	2
0x000003c0	1
0x000003c2	0
0x000003c2	1
0x000003d4	1
0x000003da	1
0x000003da	2
0x000007d8	1
0x000007da	0
0x000007da	1
0x000007da	2
0x000007da	3
0x000007da	4
0x000007da	5
0x000007da	6
0x000007da	7
0x000007da	8
0x000007dc	0
0x000007dc	1
0x000007dc	2
0x000003c0	1
0x000003c2	0
0x000003c2	1
0x000003d4	1
0x000003da	1
0x000003da	2
0x000007d8	1
0x000007da	0
0x000007da	1
0x000007da	2
0x000007da	3
0x000007da	4
0x000007da	5
0x000007da	6
0x000007da	7
0x000007da	8
0x000007dc	0
0x000007dc	1
0x000007dc	2
0x000003c0	1
0x000003c2	0
0x000003c2	1
0x000003d4	1
0x000003da	1
0x000003da	2
0x000007d8	1
0x000007da	0
0x000007da	1
0x000007da	2
0x000007da	3
0x000007da	4
0x000007da	5
0x000007da	6
0x000007da	7
0x000007da	8
0x000007dc	0
0x000007dc	1
0x000007dc	2
0x000003c0	1
0x000003c2	0
0x000003c2	1
0x000003d4	1
0x000003da	1
0x000003da	2
0x000007d8	1
0x000007da	0
0x000007da	1
0x000007da	2
0x000007da	3
0x000007da	4
0x000007da	5
0x000007da	6
0x000007da	7
0x000007da	8
0x000007dc	0
0x000007dc	1
0x000007dc	2
0x000003c0	1
0x000003c2	0
0x000003c2	1
0x000003d4	1
0x000003da	1
0x000003da	2
0x000007d8	1
0x000007da	0
0x000007da	1
0x000007da	2
0x000007da	3
0x000007da	4
0x000007da	5
0x000007da	6
0x000007da	7
0x000007da	8
0x000007dc	0
0x000007dc	1
0x000007dc	2
0x000003c0	1
0x000003c2	0
0x000003c2	1
0x000003d4	1
0x000003da	1
0x000003da	2
0x000007d8	1
0x000007da	0
0x000007da	1
0x000007da	2
0x000007da	3
0x000007da	4
0x000007da	5
0x000007da	6
0x000007da	7
0x000007da	8
0x000007dc	0
0x000007dc	1
0x000007dc	2
0x000003c0	1
0x000003c2	0
0x000003c2	1
0x000003d4	1
0x000003da	1
0x000003da	2
0x000007d8	1
0x000007da	0
0x000007da	1
0x000007da	2
0x000007da	3
0x000007da	4
0x000007da	5
0x000007da	6
0x000007da	7
0x000007da	8
0x000007dc	0
0x000007dc	1
0x000007dc	2
0x000003c0	1
0x000003c2	0
0x000003c2	1
0x000003d4	1
0x000003da	1
0x000003da	2
0x000007d8	1
0x000007da	0
0x000007da	1
0x000007da	2
0x000007da	3
0x000007da	4
0x000007da	5
0x000007da	6
0x000007da	7
0x000007da	8
0x000007dc	0
0x000007dc	1
0x000007dc	2
0x000003c0	1
0x000003c2	0
0x000003c2	1
0x000003d4	1
0x000003da	1
0x000003da	2
0x000007d8	1
0x000007da	0
0x000007da	1
0x000007da	2
0x000007da	3
0x000007da	4
0x000007da	5
0x000007da	6
0x000007da	7
0x000007da	8
0x000007dc	0
0x000007dc	1
0x000007dc	2
0x000003c0	1
0x000003c2	0
0x000003c2	1
0x000003d4	1
0x000003da	1
0x000003da	2
0x000007d8	1
0x000007da	0
0x000007da	1
0x000007da	2
0x000007da	3
0x000007da	4
0x000007da	5
0x000007da	6
0x000007da	7
0x000007da	8
0x000007dc	0
0x000007dc	1
0x000007dc	2
0x000003c0	1
0x000003c2	0
0x000003c2	1
0x000003d4	1
0x000003da	1
0x000003da	2
0x000007d8	1
0x000007da	0
0x000007da	1
0x000007da	2
0x000007da	3
0x000007da	4
0x000007da	5
0x000007da	6
0x000007da	7
0x000007da	8
0x000007dc	0
0x000007dc	1
0x000007dc	2
0x000003c0	1
0x000003c2	0
0x000003c2	1
0x000003d4	1
0x000003da	1
0x000003da	2
0x000007d8	1
0x000007da	0
0x000007da	1
0x000007da	2
0x000007da	3
0x000007da	4
0x000007da	5
0x000007da	6
0x000007da	7
0x000007da	8
0x000007dc	0
0x000007dc	1
0x000007dc	2
0x000003c0	1
0x000003c2	0
0x000003c2	1
0x000003d4	1
0x000003da	1
0x000003da	2
0x000007d8	1
0x000007da	0
0x000007da	1
0x000007da	2
0x000007da	3
0x000007da	4
0x000007da	5
0x000007da	6
0x000007da	7
0x000007da	8
0x000007dc	0
0x000007dc	1
0x000007dc	2
0x000003c0	1
0x000003c2	0
0x000003c2	1
0x000003d4	1
0x000003da	1
0x000003da	2
0x000007d8	1
0x000007da	0
0x000007da	1
0x000007da	2
0x000007da	3
0x000007da	4
0x000007da	5
0x000007da	6
0x000007da	7
0x000007da	8
0x000007dc	0
0x000007dc	1
0x000007dc	2
0x000003c0	1
0x000003c2	0
0x000003c2	1
0x000003d4	1
0x000003da	1
0x000003da	2
0x000007d8	1
0x000007da	0
0x000007da	1
0x000007da	2
0x000007da	3
0x000007da	4
0x000007da	5
0x000007da	6
0x000007da	7
0x000007da	8
0x000007dc	0
0x000007dc	1
0x000007dc	2
0x000003c0	1
0x000003c2	0
0x000003c2	1
0x000003d4	1
0x000003da	1
0x000003da	2
0x000007d8	1
0x000007da	0
0x000007da	1
0x000007da	2
0x000007da	3
0x000007da	4
0x000007da	5
0x000007da	6
0x000007da	7
0x000007da	8
0x000007dc	0
0x000007dc	1
0x000007dc	2
0x000003c0	1
0x000003c2	0
0x000003c2	1
0x000003d4	1
0x000003da	1
0x000003da	2
0x000007d8	1
0x000007da	0
0x000007da	1
0x000007da	2
0x000007da	3
0x000007da	4
0x000007da	5
0x000007da	6
0x000007da	7
0x000007da	8
0x000007dc	0
0x000007dc	1
0x000007dc	2
0x000003c0	1
0x000003c2	0
0x000003c2	1
0x000003d4	1
0x000003da	1
0x000003da	2
0x000007d8	1
0x000007da	0
0x000007da	1
0x000007da	2
0x000007da	3
0x000007da	4
0x000007da	5
0x000007da	6
0x000007da	7
0x000007da	8
0x000007dc	0
0x000007dc	1
0x000007dc	2
0x000003c0	1
0x000003c2	0
0x000003c2	1
0x000003d4	1
0x000003da	1
0x000003da	2
0x000007d8	1
0x000007da	0
0x000007da	1
0x000007da	2
0x000007da	3
0x000007da	4
0x000007da	5
0x000007da	6
0x000007da	7
0x000007da	8
0x000007dc	0
0x000007dc	1
0x000007dc	2
0x000003c0	1
0x000003c2	0
0x000003c2	1
0x000003d4	1
0x000003da	1
0x000003da	2
0x000007d8	1
0x000007da	0
0x000007da	1
0x000007da	2
0x000007da	3
0x000007da	4
0x000007da	5
0x000007da	6
0x000007da	7
0x000007da	8
0x000007dc	0
0x000007dc	1
0x000007dc	2
0x000003c0	1
0x000003c2	0
0x000003c2	1
0x000003d4	1
0x000003da	1
0x000003da	2
0x000007d8	1
0x000007da	0
0x000007da	1
0x000007da	2
0x000007da	3
0x000007da	4
0x000007da	5
0x000007da	6
0x000007da	7
0x000007da	8
0x000007dc	0
0x000007dc	1
0x000007dc	2
0x000003c0	1
0x000003c2	0
0x000003c2	1
0x000003d4	1
0x000003da	1
0x000003da	2
0x000007d8	1
0x000007da	0
0x000007da	1
0x000007da	2
0x000007da	3
0x000007da	4
0x000007da	5
0x000007da	6
0x000007da	7
0x000007da	8
0x000007dc	0
0x000007dc	1
0x000007dc	2
0x000003c0	1
0x000003c2	0
0x000003c2	1
0x000003d4	1
0x000003da	1
0x000003da	2
0x000007d8	1
0x000007da	0
0x000007da	1
0x000007da	2
0x000007da	3
0x000007da	4
0x000007da	5
0x000007da	6
0x000007da	7
0x000007da	8
0x000007dc	0
0x000007dc	1
0x000007dc	2
0x000003c0	1
0x000003c2	0
0x000003c2	1
0x000003d4	1
0x000003da	1
0x000003da	2
0x000007d8	1
0x000007da	0
0x000007da	1
0x000007da	2
0x000007da	3
0x000007da	4
0x000007da	5
0x000007da	6
0x000007da	7
0x000007da	8
0x000007dc	0
0x000007dc	1
0x000007dc	2
0x000003c0	1
0x000003c2	0
0x000003c2	1
0x000003d4	1
0x000003da	1
0x000003da	2
0x000007d8	1
0x000007da	0
0x000007da	1
0x000007da	2
0x000007da	3
0x000007da	4
0x000007da	5
0x000007da	6
0x000007da	7
0x000007da	8
0x000007dc	0
0x000007dc	1
0x000007dc	2
0x000003c0	1
0x000003c2	0
0x000003c2	1
0x000003d4	1
0x000003da	1
0x000003da	2
0x000007d8	1
0x000007da	0
0x000007da	1
0x000007da	2
0x000007da	3
0x000007da	4
0x000007da	5
0x000007da	6
0x000007da	7
0x000007da	8
0x000007dc	0
0x000007dc	1
0x000007dc	2
0x000003c0	1
0x000003c2	0
0x000003c2	1
0x000003d4	1
0x000003da	1
0x000003da	2
0x000007d8	1
0x000007da	0
0x000007da	1
0x000007da	2
0x000007da	3
0x000007da	4
0x000007da	5
0x000007da	6
0x000007da	7
0x000007da	8
0x000007dc	0
0x000007dc	1
0x000007dc	2
0x000003c0	1
0x000003c2	0
0x000003c2	1
0x000003d4	1
0x000003da	1
0x000003da	2
0x000007d8	1
0x000007da	0
0x000007da	1
0x000007da	2
0x000007da	3
0x000007da	4
0x000007da	5
0x000007da	6
0x000007da	7
0x000007da	8
0x000007dc	0
0x000007dc	1
0x000007dc	2
0x000003c0	1
0x000003c2	0
0x000003c2	1
0x000003d4	1
0x000003da	1
0x000003da	2
0x000007d8	1
0x000007da	0
0x000007da	1
0x000007da	2
0x000007da	3
0x000007da	4
0x000007da	5
0x000007da	6
0x000007da	7
0x000007da	8
0x000007dc	0
0x000007dc	1
0x000007dc	2
0x000003c0	1
0x000003c2	0
0x000003c2	1
0x000003d4	1
0x000003da	1
0x000003da	2
0x000007d8	1
0x000007da	0
0x000007da	1
0x000007da	2
0x000007da	3
0x000007da	4
0x000007da	5
0x000007da	6
0x000007da	7
0x000007da	8
0x000007dc	0
0x000007dc	1
0x000007dc	2
0x000003c0	1
0x000003c2	0
0x000003c2	1
0x000003d4	1
0x000003da	1
0x000003da	2
0x000007d8	1
0x000007da	0
0x000007da	1
0x000007da	2
0x000007da	3
0x000007da	4
0x000007da	5
0x000007da	6
0x000007da	7
0x000007da	8
0x000007dc	0
0x000007dc	1
0x000007dc	2
0x000003c0	1
0x000003c2	0
0x000003c2	1
0x000003d4	1
0x000003da	1
0x000003da	2
0x000007d8	1
0x000007da	0
0x000007da	1
0x000007da	2
0x000007da	3
0x000007da	4
0x000007da	5
0x000007da	6
0x000007da	7
0x000007da	8
0x000007dc	0
0x000007dc	1
0x000007dc	2
0x000003c0	1
0x000003c2	0
0x000003c2	1
0x000003d4	1
0x000003da	1
0x000003da	2
0x000007d8	1
0x000007da	0
0x000007da	1
0x000007da	2
0x000007da	3
0x000007da	4
0x000007da	5
0x000007da	6
0x000007da	7
0x000007da	8
0x000007dc	0
0x000007dc	1
0x000007dc	2
0x000003c0	1
0x000003c2	0
0x000003c2	1
0x000003d4	1
0x000003da	1
0x000003da	2
0x000007d8	1
0x000007da	0
0x000007da	1
0x000007da	2
0x000007da	3
0x000007da	4
0x000007da	5
0x000007da	6
0x000007da	7
0x000007da	8
0x000007dc	0
0x000007dc	1
0x000007dc	2
0x000003c0	1
0x000003c2	0
0x000003c2	1
0x000003d4	1
0x000003da	1
0x000003da	2
0x000007d8	1
0x000007da	0
0x000007da	1
0x000007da	2
0x000007da	3
0x000007da	4
0x000007da	5
0x000007da	6
0x000007da	7
0x000007da	8
0x000007dc	0
0x000007dc	1
0x000007dc	2
0x000003c0	1
0x000003c2	0
0x000003c2	1
0x000003d4	1
0x000003da	1
0x000003da	2
0x000007d8	1
0x000007da	0
0x000007da	1
0x000007da	2
0x000007da	3
0x000007da	4
0x000007da	5
0x000007da	6
0x000007da	7
0x000007da	8
0x000007dc	0
0x000007dc	1
0x000007dc	2
0x000003c0	1
0x000003c2	0
0x000003c2	1
0x000003d4	1
0x000003da	1
0x000003da	2
0x000007d8	1
0x000007da	0
0x000007da	1
0x000007da	2
0x000007da	3
0x000007da	4
0x000007da	5
0x000007da	6
0x000007da	7
0x000007da	8
0x000007dc	0
0x000007dc	1
0x000007dc	2
0x000003c0	1
0x000003c2	0
0x000003c2	1
0x000003d4	1
0x000003da	1
0x000003da	2
0x000007d8	1
0x000007da	0
0x000007da	1
0x000007da	2
0x000007da	3
0x000007da	4
0x000007da	5
0x000007da	6
0x000007da	7
0x000007da	8
0x000007dc	0
0x000007dc	1
0x000007dc	2
0x000003c0	1
0x000003c2	0
0x000003c2	1
0x000003d4	1
0x000003da	1
0x000003da	2
0x000007d8	1
0x000007da	0
0x000007da	1
0x000007da	2
0x000007da	3
0x000007da	4
0x000007da	5
0x000007da	6
0x000007da	7
0x000007da	8
0x000007dc	0
0x000007dc	1
0x000007dc	2
0x000003c0	1
0x000003c2	0
0x000003c2	1
0x000003d4	1
0x000003da	1
0x000003da	2
0x000007d8	1
0x000007da	0
0x000007da	1
0x000007da	2
0x000007da	3
0x000007da	4
0x000007da	5
0x000007da	6
0x000007da	7
0x000007da	8
0x000007dc	0
0x000007dc	1
0x000007dc	2
0x000003c0	1
0x000003c2	0
0x000003c2	1
0x000003d4	1
0x000003da	1
0x000003da	2
0x000007d8	1
0x000007da	0
0x000007da	1
0x000007da	2
0x000007da	3
0x000007da	4
0x000007da	5
0x000007da	6
0x000007da	7
0x000007da	8
0x000007dc	0
0x000007dc	1
0x000007dc	2
0x000003c0	1
0x000003c2	0
0x000003c2	1
0x000003d4	1
0x000003da	1
0x000003da	2
0x000007d8	1
0x000007da	0
0x000007da	1
0x000007da	2
0x000007da	3
0x000007da	4
0x000007da	5
0x000007da	6
0x000007da	7
0x000007da	8
0x000007dc	0
0x000007dc	1
0x000007dc	2
0x000003c0	1
0x000003c2	0
0x000003c2	1
0x000003d4	1
0x000003da	1
0x000003da	2
0x000007d8	1
0x000007da	0
0x000007da	1
0x000007da	2
0x000007da	3
0x000007da	4
0x000007da	5
0x000007da	6
0x000007da	7
0x000007da	8
0x000007dc	0
0x000007dc	1
0x000007dc	2
0x000003c0	1
0x000003c2	0
0x000003c2	1
0x000003d4	1
0x000003da	1
0x000003da	2
0x000007d8	1
0x000007da	0
0x000007da	1
0x000007da	2
0x000007da	3
0x000007da	4
0x000007da	5
0x000007da	6
0x000007da	7
0x000007da	8
0x000007dc	0
0x000007dc	1
0x000007dc	2
0x000003c0	1
0x000003c2	0
0x000003c2	1
0x000003d4	1
0x000003da	1
0x000003da	2
0x000007d8	1
0x000007da	0
0x000007da	1
0x000007da	2
0x000007da	3
0x000007da	4
0x000007da	5
0x000007da	6
0x000007da	7
0x000007da	8
0x000007dc	0
0x000007dc	1
0x000007dc	2
0x000003c0	1
0x000003c2	0
0x000003c2	1
0x000003d4	1
0x000003da	1
0x000003da	2
0x000007d8	1
0x000007da	0
0x000007da	1
0x000007da	2
0x000007da	3
0x000007da	4
0x000007da	5
0x000007da	6
0x000007da	7
0x000007da	8
0x000007dc	0
0x000007dc	1
0x000007dc	2
0x000003c0	1
0x000003c2	0
0x000003c2	1
0x000003d4	1
0x000003da	1
0x000003da	2
0x000007d8	1
0x000007da	0
0x000007da	1
0x000007da	2
0x000007da	3
0x000007da	4
0x000007da	5
0x000007da	6
0x000007da	7
0x000007da	8
0x000007dc	0
0x000007dc	1
0x000007dc	2
0x000003c0	1
0x000003c2	0
0x000003c2	1
0x000003d4	1
0x000003da	1
0x000003da	2
0x000007d8	1
0x000007da	0
0x000007da	1
0x000007da	2
0x000007da	3
0x000007da	4
0x000007da	5
0x000007da	6
0x000007da	7
0x000007da	8
0x000007dc	0
0x000007dc	1
0x000007dc	2
0x000003c0	1
0x000003c2	0
0x000003c2	1
0x000003d4	1
0x000003da	1
0x000003da	2
0x000007d8	1
0x000007da	0
0x000007da	1
0x000007da	2
0x000007da	3
0x000007da	4
0x000007da	5
0x000007da	6
0x000007da	7
0x000007da	8
0x000007dc	0
0x000007dc	1
0x000007dc	2
0x000003c0	1
0x000003c2	0
0x000003c2	1
0x000003d4	1
0x000003da	1
0x000003da	2
0x000007d8	1
0x000007da	0
0x000007da	1
0x000007da	2
0x000007da	3
0x000007da	4
0x000007da	5
0x000007da	6
0x000007da	7
0x000007da	8
0x000007dc	0
0x000007dc	1
0x000007dc	2
0x000003c0	1
0x000003c2	0
0x000003c2	1
0x000003d4	1
0x000003da	1
0x000003da	2
0x000007d8	1
0x000007da	0
0x000007da	1
0x000007da	2
0x000007da	3
0x000007da	4
0x000007da	5
0x000007da	6
0x000007da	7
0x000007da	8
0x000007dc	0
0x000007dc	1
0x000007dc	2
0x000003c0	1
0x000003c2	0
0x000003c2	1
0x000003d4	1
0x000003da	1
0x000003da	2
0x000007d8	1
0x000007da	0
0x000007da	1
0x000007da	2
0x000007da	3
0x000007da	4
0x000007da	5
0x000007da	6
0x000007da	7
0x000007da	8
0x000007dc	0
0x000007dc	1
0x000007dc	2
0x000003c0	1
0x000003c2	0
0x000003c2	1
0x000003d4	1
0x000003da	1
0x000003da	2
0x000007d8	1
0x000007da	0
0x000007da	1
0x000007da	2
0x000007da	3
0x000007da	4
0x000007da	5
0x000007da	6
0x000007da	7
0x000007da	8
0x000007dc	0
0x000007dc	1
0x000007dc	2
0x000003c0	1
0x000003c2	0
0x000003c2	1
0x000003d4	1
0x000003da	1
0x000003da	2
0x000007d8	1
0x000007da	0
0x000007da	1
0x000007da	2
0x000007da	3
0x000007da	4
0x000007da	5
0x000007da	6
0x000007da	7
0x000007da	8
0x000007dc	0
0x000007dc	1
0x000007dc	2
0x0000077a	1
0x000008c8	0
0x000008c8	1
0x000008cc	0
0x000008cc	1
0x000008cc	2
0x000008cc	3
0x000008cc	4
0x000008cc	5
0x000008cc	6
0x000008cc	7
0x000008cc	8
0x000008ce	2
0x000008ce	3
0x000008d2	1
0x000008d2	2
0x000008d2	3
0x000008d2	4
0x000008d2	5
0x000008d2	6
0x000008d2	7
0x000008d2	8
0x000008d2	9
0x000008d2	10
0x000008d6	0
0x000008d6	1
0x000008d6	2
0x000008d6	3
0x000008d6	4
0x000008d6	5
0x000008d6	6
0x000008d6	7
0x000008d6	8
0x000008d8	0
0x000008d8	1
0x000008ce	2
0x000008ce	3
0x000008d2	1
0x000008d2	2
0x000008d2	3
0x000008d2	4
0x000008d2	5
0x000008d2	6
0x000008d2	7
0x000008d2	8
0x000008d2	9
0x000008d2	10
0x000008d6	0
0x000008d6	1
0x000008d6	2
0x000008d6	3
0x000008d6	4
0x000008d6	5
0x000008d6	6
0x000008d6	7
0x000008d6	8
0x000008d8	0
0x000008d8	1
0x000008ce	2
0x000008ce	3
0x000008d2	1
0x000008d2	2
0x000008d2	3
0x000008d2	4
0x000008d2	5
0x000008d2	6
0x000008d2	7